<?xml version="1.0" encoding="UTF-8" standalone="yes"?>
<manifest>
  <control namespace="mpp" constructor="MultiPagePrint" version="1.0.17" display-name-key="MultiPagePrint" description-key="MultiPagePrint description" control-type="standard" api-version="1.3.3">
    <property name="SourceData" display-name-key="Source_Data_Name_Key" description-key="Source_Data_Desc_Key" of-type="SingleLine.Text" usage="bound" required="true"/>
    <property name="PrintData" display-name-key="Print_Data_Name_Key" description-key="Print_Data_Desc_Key" of-type="TwoOptions" default-value="false" usage="bound" required="true"/>
    <resources>
      <code path="bundle.js" order="1"/>
      <resx path="strings/MultiPagePrint.1033.resx" version="1.0.0"/>
    </resources>
    <built-by name="pac" version="1.9.8"/>
  </control>
</manifest>